id,first_name,last_name,email,gender,ip_address
1,Irv,Bleibaum,ibleibaum0@china.com.cn,Male,62.105.55.233
2,Agna,Faucett,afaucett1@google.nl,Female,224.254.71.12
3,Hy,Symones,hsymones2@economist.com,Male,58.104.150.152
4,Forester,Royall,froyall3@omniture.com,Male,72.108.113.107
5,Kareem,Ondrousek,kondrousek4@wikipedia.org,Male,104.136.253.92
6,Ernaline,Linsey,elinsey5@shareasale.com,Female,165.51.221.119
7,Lynelle,Yes,lyes6@usa.gov,Female,21.104.195.216
8,Noah,Mayfield,nmayfield7@dailymotion.com,Male,17.83.91.184
9,Rey,Ambrogiotti,rambrogiotti8@imgur.com,Female,232.183.72.243
10,Lana,Henstridge,lhenstridge9@java.com,Female,185.192.190.143
11,Lynnett,Ply,lplya@jigsy.com,Female,227.135.55.230
12,Aguie,Jewett,ajewettb@xinhuanet.com,Male,100.195.167.35
13,Loretta,Furniss,lfurnissc@hubpages.com,Female,5.238.35.130
14,Derron,Cuel,dcueld@google.com.hk,Male,213.14.129.77
15,Marylin,Rodger,mrodgere@timesonline.co.uk,Female,232.119.203.225
16,Udell,Hegarty,uhegartyf@cloudflare.com,Male,70.222.104.94
17,Erv,Flooks,eflooksg@wikispaces.com,Male,127.219.70.201
18,Madelin,Branno,mbrannoh@cbc.ca,Female,210.44.31.114
19,Jermayne,Matuszinski,jmatuszinskii@altervista.org,Male,106.137.151.133
20,Claudina,Pellitt,cpellittj@indiatimes.com,Female,10.8.29.158
21,Stirling,Brisbane,sbrisbanek@deviantart.com,Male,214.110.230.208
22,Mateo,Dicken,mdickenl@go.com,Male,201.77.96.55
23,Rusty,Christofides,rchristofidesm@weibo.com,Male,61.149.131.216
24,Joanie,Crook,jcrookn@huffingtonpost.com,Female,10.239.34.249
25,Vassili,Tailby,vtailbyo@skype.com,Male,145.165.247.194
26,Bobbette,Marshallsay,bmarshallsayp@t.co,Female,77.31.46.68
27,Ella,Sorey,esoreyq@deliciousdays.com,Female,128.124.218.68
28,Raquela,Gerardot,rgerardotr@51.la,Female,83.152.106.236
29,Eleen,Jeannot,ejeannots@theguardian.com,Female,69.118.75.36
30,Hobie,O'Lahy,holahyt@accuweather.com,Male,62.254.55.39
31,Faulkner,Budcock,fbudcocku@wordpress.org,Male,159.40.167.106
32,Benjamen,Grewar,bgrewarv@yelp.com,Male,226.153.120.107
33,Valentine,McCartan,vmccartanw@feedburner.com,Male,101.217.213.3
34,Adolf,Lackemann,alackemannx@github.com,Male,128.249.153.29
35,Jackson,Dunlea,jdunleay@thetimes.co.uk,Male,134.51.209.42
36,Celestine,Garlette,cgarlettez@miibeian.gov.cn,Female,121.237.7.86
37,Kris,Flux,kflux10@alexa.com,Male,179.44.227.96
38,Chlo,Tinham,ctinham11@mapy.cz,Female,137.162.30.168
39,Vernon,Gehrels,vgehrels12@sohu.com,Male,204.207.227.244
40,Chevalier,Poleye,cpoleye13@ning.com,Male,242.164.74.165
41,Laurice,Shingles,lshingles14@feedburner.com,Female,129.36.85.176
42,Markus,Zoanetti,mzoanetti15@livejournal.com,Male,184.190.212.176
43,Alana,McInility,amcinility16@bbb.org,Female,154.178.189.128
44,Marillin,Ayres,mayres17@epa.gov,Female,104.23.170.216
45,Valentin,Itzkovwich,vitzkovwich18@alibaba.com,Male,215.240.83.158
46,Adoree,Blumson,ablumson19@ask.com,Female,131.233.71.210
47,Chester,Gommey,cgommey1a@mac.com,Male,32.9.0.185
48,Duffy,Brandassi,dbrandassi1b@shop-pro.jp,Male,4.54.169.177
49,Anne-corinne,Dawbery,adawbery1c@stanford.edu,Female,219.16.202.73
50,Adelle,Springate,aspringate1d@ebay.com,Female,157.255.51.51
51,Korey,Statham,kstatham1e@dell.com,Male,113.135.13.123
52,Clywd,Itscowics,citscowics1f@wp.com,Male,214.18.194.255
53,Tobin,Brenston,tbrenston1g@e-recht24.de,Male,93.157.175.222
54,Concettina,Lamminam,clamminam1h@mail.ru,Female,30.39.244.57
55,Patrice,Ovens,povens1i@un.org,Male,219.18.145.10
56,Fergus,Denekamp,fdenekamp1j@samsung.com,Male,23.40.221.54
57,Jimmy,Appleton,jappleton1k@discovery.com,Male,148.19.63.96
58,Catina,Yurtsev,cyurtsev1l@ted.com,Female,40.224.49.10
59,Abbot,Becerro,abecerro1m@weather.com,Male,109.175.106.175
60,Cicily,O'Cannavan,cocannavan1n@myspace.com,Female,226.178.76.140
61,Gill,Penburton,gpenburton1o@github.com,Male,233.75.75.133
62,Dina,Greedy,dgreedy1p@cyberchimps.com,Female,1.190.26.19
63,Niel,Kamenar,nkamenar1q@xinhuanet.com,Male,2.120.1.148
64,Odilia,Ussher,oussher1r@tmall.com,Female,122.6.87.155
65,Morse,Boriston,mboriston1s@virginia.edu,Male,162.2.58.18
66,Davy,Schultze,dschultze1t@nyu.edu,Male,138.0.27.11
67,Bartolomeo,Hargrove,bhargrove1u@yandex.ru,Male,53.117.252.191
68,Emlynne,Moors,emoors1v@merriam-webster.com,Female,124.85.51.180
69,Darnell,Birtwhistle,dbirtwhistle1w@pinterest.com,Male,185.232.179.135
70,Oralla,Larvent,olarvent1x@miitbeian.gov.cn,Female,141.214.101.41
71,Fleurette,Saiger,fsaiger1y@mtv.com,Female,76.29.222.218
72,Cammy,Manthroppe,cmanthroppe1z@dot.gov,Female,109.1.34.60
73,Aldridge,Wandless,awandless20@soup.io,Male,166.120.255.206
74,Penni,Duncklee,pduncklee21@e-recht24.de,Female,104.168.221.95
75,Benn,Craxford,bcraxford22@unesco.org,Male,218.99.46.39
76,Hewie,Prosh,hprosh23@purevolume.com,Male,249.244.27.30
77,Samson,Attenburrow,sattenburrow24@weebly.com,Male,5.232.217.21
78,Paxton,Casetta,pcasetta25@goo.ne.jp,Male,93.159.15.124
79,Yevette,Goldsack,ygoldsack26@parallels.com,Female,50.51.16.88
80,Eunice,Biers,ebiers27@wunderground.com,Female,222.56.134.98
81,Allyson,Cowe,acowe28@uiuc.edu,Female,175.58.77.158
82,Fonz,Davidove,fdavidove29@chron.com,Male,29.238.196.74
83,Gena,Wall,gwall2a@t.co,Female,254.111.1.17
84,Jake,Roft,jroft2b@google.pl,Male,70.12.198.220
85,Montague,Perceval,mperceval2c@go.com,Male,153.191.23.66
86,Niccolo,Bortolazzi,nbortolazzi2d@squarespace.com,Male,122.175.226.64
87,Loni,Renzullo,lrenzullo2e@163.com,Female,129.209.250.106
88,Chickie,Yakubovich,cyakubovich2f@who.int,Male,53.113.203.87
89,Rickie,Dadswell,rdadswell2g@harvard.edu,Male,35.187.43.239
90,Corette,Eckels,ceckels2h@mac.com,Female,147.145.249.54
91,Ive,Bines,ibines2i@i2i.jp,Male,91.112.171.249
92,Rafaela,Treat,rtreat2j@pinterest.com,Female,174.65.7.165
93,Larina,Giorgi,lgiorgi2k@businessinsider.com,Female,9.146.81.216
94,Cad,Greschik,cgreschik2l@spiegel.de,Male,85.182.96.69
95,Valentia,Oxtiby,voxtiby2m@tinypic.com,Female,248.167.185.20
96,Raynard,Ginnelly,rginnelly2n@feedburner.com,Male,139.237.170.225
97,Sheri,Bullough,sbullough2o@dagondesign.com,Female,137.92.119.152
98,Chip,Trowbridge,ctrowbridge2p@go.com,Male,7.15.152.246
99,Lorene,Bohler,lbohler2q@ezinearticles.com,Female,45.58.230.8
100,Rutter,Sheaf,rsheaf2r@spiegel.de,Male,245.138.36.246
101,Boy,Overell,boverell2s@cdc.gov,Male,251.27.247.38
102,Munroe,Geldert,mgeldert2t@dailymail.co.uk,Male,58.102.62.222
103,Ingrim,Vogele,ivogele2u@umn.edu,Male,165.52.160.188
104,Sanford,Stearn,sstearn2v@list-manage.com,Male,214.177.217.79
105,Rasia,Holyland,rholyland2w@spiegel.de,Female,143.8.196.116
106,Dominick,Elsworth,delsworth2x@prlog.org,Male,161.121.9.84
107,Adrian,Klainman,aklainman2y@independent.co.uk,Female,46.90.33.252
108,Tuckie,Atthowe,tatthowe2z@foxnews.com,Male,52.147.79.10
109,Ollie,Buddington,obuddington30@weibo.com,Male,127.54.234.233
110,Georgia,Ellar,gellar31@google.com.br,Female,219.14.202.146
111,Maryl,Crittal,mcrittal32@dropbox.com,Female,124.28.214.83
112,Gui,Muat,gmuat33@addtoany.com,Female,225.87.77.168
113,Kirk,Statersfield,kstatersfield34@liveinternet.ru,Male,170.40.97.125
114,Renado,Stolli,rstolli35@bloomberg.com,Male,146.31.1.186
115,Mick,Whistan,mwhistan36@zdnet.com,Male,97.198.194.143
116,Willetta,Gowrich,wgowrich37@hubpages.com,Female,160.55.45.222
117,Sherwin,Crooke,scrooke38@businesswire.com,Male,184.34.91.68
118,Dora,Beadles,dbeadles39@naver.com,Female,47.157.21.226
119,Madison,Dounbare,mdounbare3a@census.gov,Male,22.145.54.12
120,Renado,Scollick,rscollick3b@mlb.com,Male,116.3.153.239
121,Eli,Kittless,ekittless3c@goo.gl,Male,248.193.7.170
122,Cora,Lafferty,clafferty3d@storify.com,Female,12.179.236.10
123,Kamillah,Mellings,kmellings3e@stumbleupon.com,Female,95.130.162.0
124,Krystalle,Hambribe,khambribe3f@abc.net.au,Female,79.5.75.178
125,Dianne,Fitchew,dfitchew3g@rambler.ru,Female,225.126.126.180
126,Aurthur,Patrie,apatrie3h@tamu.edu,Male,241.228.36.202
127,Tabby,Pydcock,tpydcock3i@themeforest.net,Female,114.0.200.81
128,Tabitha,Sibbe,tsibbe3j@zdnet.com,Female,70.185.66.37
129,Izabel,Sparwell,isparwell3k@sogou.com,Female,89.135.235.252
130,Helaine,Cockell,hcockell3l@4shared.com,Female,165.132.65.217
131,Harriott,Bearcroft,hbearcroft3m@japanpost.jp,Female,229.178.63.56
132,Vera,Perone,vperone3n@cocolog-nifty.com,Female,112.60.19.115
133,Karel,Killcross,kkillcross3o@who.int,Male,246.242.68.192
134,Elbertina,Harp,eharp3p@cargocollective.com,Female,9.75.81.121
135,Justen,Albutt,jalbutt3q@nydailynews.com,Male,53.208.187.150
136,Clarke,Ledur,cledur3r@globo.com,Male,14.97.136.104
137,Davine,Jorge,djorge3s@yandex.ru,Female,189.17.19.72
138,Tait,MacRannell,tmacrannell3t@wikispaces.com,Male,59.117.115.107
139,Kacy,Leftley,kleftley3u@cnn.com,Female,102.172.110.211
140,Gaby,Doyland,gdoyland3v@shareasale.com,Male,198.112.133.233
141,Dorian,Colerick,dcolerick3w@barnesandnoble.com,Female,246.122.241.28
142,Denys,Duinkerk,dduinkerk3x@china.com.cn,Female,43.58.36.196
143,Anya,Tittletross,atittletross3y@nifty.com,Female,189.70.160.123
144,Constancia,Yitshak,cyitshak3z@loc.gov,Female,241.2.194.213
145,Karolina,Reye,kreye40@amazon.com,Female,236.206.138.155
146,Devy,Byneth,dbyneth41@wp.com,Male,49.53.44.224
147,Ammamaria,Stuckford,astuckford42@yelp.com,Female,217.75.81.77
148,Florinda,Thurman,fthurman43@answers.com,Female,184.144.201.246
149,Valenka,Aisbett,vaisbett44@1688.com,Female,250.215.7.1
150,Angie,Mackelworth,amackelworth45@w3.org,Female,80.41.246.73
151,Arlan,Lob,alob46@netlog.com,Male,234.8.106.141
152,Hurlee,Olkowicz,holkowicz47@google.co.uk,Male,112.93.231.53
153,Yovonnda,Strangwood,ystrangwood48@livejournal.com,Female,13.127.56.179
154,Rudolfo,Rouchy,rrouchy49@usatoday.com,Male,42.40.81.28
155,Winny,Leppingwell,wleppingwell4a@gravatar.com,Male,25.86.132.86
156,Leandra,Billingham,lbillingham4b@examiner.com,Female,44.155.175.85
157,Cosetta,Allberry,callberry4c@about.com,Female,96.218.104.161
158,Virgie,Spackman,vspackman4d@dagondesign.com,Female,29.91.143.203
159,Vladamir,Dripps,vdripps4e@dagondesign.com,Male,172.183.253.41
160,Meriel,Blenkin,mblenkin4f@sphinn.com,Female,91.61.215.241
161,Wat,Corderoy,wcorderoy4g@nasa.gov,Male,160.207.40.207
162,Kaiser,Kellet,kkellet4h@opensource.org,Male,221.108.106.246
163,Bradford,Lepick,blepick4i@soup.io,Male,130.191.180.217
164,Rodney,Swine,rswine4j@sfgate.com,Male,169.46.168.123
165,Izzy,Baines,ibaines4k@g.co,Male,38.247.187.39
166,Benji,O'Kinneally,bokinneally4l@msn.com,Male,138.105.210.205
167,Catharine,Fierro,cfierro4m@godaddy.com,Female,161.72.237.173
168,Jillie,Atcheson,jatcheson4n@usa.gov,Female,140.92.105.51
169,Gaylor,Dietz,gdietz4o@miitbeian.gov.cn,Male,139.246.170.226
170,Sydelle,McClaren,smcclaren4p@photobucket.com,Female,49.184.170.90
171,Berny,Hanhardt,bhanhardt4q@bbb.org,Female,135.117.42.149
172,Thibaut,Brixey,tbrixey4r@google.nl,Male,48.42.52.22
173,Karel,Mossom,kmossom4s@nyu.edu,Female,4.174.218.191
174,Cherilyn,Vallens,cvallens4t@boston.com,Female,72.96.253.224
175,Joseito,Seville,jseville4u@seesaa.net,Male,66.10.128.236
176,Cristal,Malley,cmalley4v@statcounter.com,Female,44.214.94.163
177,Caz,Eckels,ceckels4w@hao123.com,Male,6.244.123.63
178,Lindy,Paroni,lparoni4x@engadget.com,Male,162.154.108.42
179,Leonerd,Treleaven,ltreleaven4y@noaa.gov,Male,246.41.132.243
180,Sophey,Lovejoy,slovejoy4z@sphinn.com,Female,40.150.129.197
181,Saraann,Etridge,setridge50@noaa.gov,Female,34.58.147.45
182,Bobbye,Filintsev,bfilintsev51@youtube.com,Female,6.189.158.69
183,Mick,Balog,mbalog52@vinaora.com,Male,113.6.41.5
184,Lyn,Swinbourne,lswinbourne53@prnewswire.com,Male,252.6.50.156
185,Denyse,Grishukhin,dgrishukhin54@sohu.com,Female,227.189.59.48
186,Bennett,Gashion,bgashion55@unicef.org,Male,253.186.225.171
187,Phaidra,Clue,pclue56@dion.ne.jp,Female,164.70.97.185
188,Ambur,Jouhandeau,ajouhandeau57@mtv.com,Female,95.143.212.1
189,Noble,Wedderburn,nwedderburn58@cmu.edu,Male,17.113.232.100
190,Reggis,Weaver,rweaver59@oaic.gov.au,Male,26.16.244.31
191,Kelcy,Fruen,kfruen5a@is.gd,Female,152.102.163.132
192,Georgi,Pechet,gpechet5b@baidu.com,Male,165.79.153.201
193,Nanice,Spinley,nspinley5c@mashable.com,Female,236.18.179.178
194,Eliot,Dumphy,edumphy5d@admin.ch,Male,169.152.212.255
195,Vivia,Moyce,vmoyce5e@weather.com,Female,116.81.114.72
196,Inglis,Kerr,ikerr5f@deliciousdays.com,Male,151.94.220.96
197,Maura,Jeenes,mjeenes5g@odnoklassniki.ru,Female,226.22.27.58
198,Shepherd,Grasser,sgrasser5h@mozilla.com,Male,177.78.173.151
199,Valentino,Le Fleming,vlefleming5i@simplemachines.org,Male,239.29.157.116
200,Malvina,Hrinchishin,mhrinchishin5j@opera.com,Female,172.187.35.0
201,Sky,Rickson,srickson5k@blogs.com,Male,83.110.95.38
202,Catlaina,Bachellier,cbachellier5l@wiley.com,Female,121.197.168.244
203,Ezequiel,Seiter,eseiter5m@tripod.com,Male,209.107.17.197
204,Myrwyn,L'Hommeau,mlhommeau5n@google.co.jp,Male,16.163.176.97
205,Rivi,Fost,rfost5o@gnu.org,Female,64.139.40.74
206,Kitty,Maypole,kmaypole5p@who.int,Female,228.161.40.213
207,Aurel,Le Breton De La Vieuville,alebretondelavieuville5q@delicious.com,Female,51.244.251.203
208,Garvey,Hinz,ghinz5r@ft.com,Male,203.153.29.10
209,Ranee,Mathivat,rmathivat5s@businessweek.com,Female,205.94.122.209
210,Venita,McGrouther,vmcgrouther5t@techcrunch.com,Female,164.26.56.141
211,Margalit,Hathwood,mhathwood5u@parallels.com,Female,174.150.58.1
212,Tucker,Skeen,tskeen5v@ucoz.com,Male,95.100.198.237
213,Filippa,Hallan,fhallan5w@netscape.com,Female,21.179.151.250
214,Ingamar,Joppich,ijoppich5x@wikimedia.org,Male,55.24.50.71
215,Brande,Jurn,bjurn5y@washingtonpost.com,Female,60.250.47.221
216,Ringo,Suddock,rsuddock5z@unicef.org,Male,170.120.81.226
217,Junie,Prandini,jprandini60@weibo.com,Female,19.61.71.26
218,Howard,Bourdice,hbourdice61@livejournal.com,Male,16.92.246.0
219,Patsy,Fowley,pfowley62@gmpg.org,Male,184.96.43.35
220,Isabel,Bridgestock,ibridgestock63@wufoo.com,Female,233.163.66.36
221,Bernard,Vidineev,bvidineev64@dedecms.com,Male,66.54.102.146
222,Craggie,Antliff,cantliff65@netscape.com,Male,98.71.77.29
223,Olenolin,Seage,oseage66@tripod.com,Male,129.103.235.98
224,Peggie,Brun,pbrun67@china.com.cn,Female,42.121.200.164
225,Linell,Foyster,lfoyster68@oracle.com,Female,151.181.49.166
226,Clemens,Estabrook,cestabrook69@icio.us,Male,244.202.84.212
227,Penny,Hutchings,phutchings6a@epa.gov,Female,193.247.95.194
228,Marie-ann,Deftie,mdeftie6b@soup.io,Female,0.156.70.26
229,Derward,Sutherley,dsutherley6c@noaa.gov,Male,20.213.92.104
230,Julia,Karpinski,jkarpinski6d@g.co,Female,104.127.100.13
231,Rodger,Carmel,rcarmel6e@umich.edu,Male,66.30.143.184
232,Ches,Suttaby,csuttaby6f@yellowbook.com,Male,105.54.110.157
233,Lorilee,Vass,lvass6g@marriott.com,Female,107.156.203.242
234,Dayna,Gerardin,dgerardin6h@mashable.com,Female,36.100.131.179
235,Rolando,Mobley,rmobley6i@imageshack.us,Male,37.215.149.62
236,Thane,Cowpe,tcowpe6j@canalblog.com,Male,118.117.222.58
237,Caria,Sealove,csealove6k@google.co.jp,Female,179.0.10.44
238,Bran,Dallywater,bdallywater6l@mediafire.com,Male,234.199.108.224
239,Arney,Roma,aroma6m@google.com.hk,Male,18.242.7.83
240,Ginevra,Humfrey,ghumfrey6n@alibaba.com,Female,37.21.252.15
241,Cybill,Foddy,cfoddy6o@msn.com,Female,124.221.125.127
242,Alvie,Georg,ageorg6p@pen.io,Male,17.101.174.229
243,Trix,Sizeland,tsizeland6q@yelp.com,Female,135.44.70.20
244,Duffie,Maffucci,dmaffucci6r@indiegogo.com,Male,186.92.124.63
245,Nina,Tebald,ntebald6s@guardian.co.uk,Female,22.156.16.19
246,Trevar,Inderwick,tinderwick6t@xinhuanet.com,Male,145.93.120.101
247,Wes,Armfirld,warmfirld6u@ft.com,Male,65.184.134.147
248,Claudianus,Ciobotaro,cciobotaro6v@wix.com,Male,110.186.216.32
249,Shaun,Endrici,sendrici6w@xinhuanet.com,Male,60.96.70.245
250,Abraham,Echallie,aechallie6x@harvard.edu,Male,15.126.56.53
251,Hasty,MacGillreich,hmacgillreich6y@virginia.edu,Male,98.78.93.215
252,Pammy,Carrane,pcarrane6z@seattletimes.com,Female,22.204.223.86
253,Hartwell,Cicchelli,hcicchelli70@jimdo.com,Male,1.87.176.48
254,Si,Aymeric,saymeric71@craigslist.org,Male,146.131.50.109
255,Blythe,McCorry,bmccorry72@rediff.com,Female,74.56.231.251
256,Carey,Abramcik,cabramcik73@mtv.com,Male,6.244.255.152
257,Felicdad,Ellerman,fellerman74@cafepress.com,Female,253.93.152.161
258,Abigael,Jacobowitz,ajacobowitz75@moonfruit.com,Female,231.103.206.229
259,Nelly,Joerning,njoerning76@163.com,Female,152.39.66.201
260,Devon,Yashnov,dyashnov77@hexun.com,Female,47.164.141.200
261,Chickie,Dilston,cdilston78@comcast.net,Female,90.33.39.49
262,Catlin,Scown,cscown79@list-manage.com,Female,211.10.125.217
263,Horacio,Ovenell,hovenell7a@uiuc.edu,Male,55.51.38.97
264,Hubie,Karolewski,hkarolewski7b@myspace.com,Male,245.69.70.12
265,Cacilie,Esherwood,cesherwood7c@ted.com,Female,141.93.218.172
266,Grata,Mudie,gmudie7d@usatoday.com,Female,3.127.141.5
267,Jude,Wiffen,jwiffen7e@mozilla.org,Male,188.46.86.35
268,Sheffie,Addess,saddess7f@trellian.com,Male,115.164.241.29
269,Jay,Coomes,jcoomes7g@cisco.com,Male,23.146.131.107
270,Gilberto,Olifaunt,golifaunt7h@wsj.com,Male,102.3.51.102
271,Mariel,Gages,mgages7i@nifty.com,Female,143.168.107.245
272,Dianemarie,Beedon,dbeedon7j@cbsnews.com,Female,113.213.38.107
273,Debera,Dunlea,ddunlea7k@example.com,Female,74.106.213.71
274,Kayne,Lindl,klindl7l@printfriendly.com,Male,81.155.83.71
275,Clayton,Furnell,cfurnell7m@wp.com,Male,250.222.169.151
276,Mari,Wippermann,mwippermann7n@list-manage.com,Female,157.75.85.115
277,Cyrus,Sandiland,csandiland7o@yellowbook.com,Male,8.123.105.215
278,Garrot,Doby,gdoby7p@istockphoto.com,Male,94.151.126.90
279,Rorie,Snelman,rsnelman7q@indiegogo.com,Female,234.149.87.179
280,Romona,Hendren,rhendren7r@unesco.org,Female,203.177.176.190
281,Randal,Male,rmale7s@rediff.com,Male,30.116.47.89
282,Nadia,Darey,ndarey7t@ask.com,Female,115.195.57.98
283,Rinaldo,Battrick,rbattrick7u@columbia.edu,Male,27.198.126.169
284,Mark,Chellam,mchellam7v@noaa.gov,Male,108.131.194.118
285,Guntar,Siddeley,gsiddeley7w@mozilla.com,Male,82.235.95.76
286,Reynard,Wellington,rwellington7x@webnode.com,Male,50.144.138.249
287,Marlowe,Carvell,mcarvell7y@senate.gov,Male,106.111.91.137
288,Benito,Spreckley,bspreckley7z@flickr.com,Male,108.243.159.189
289,Raynell,Alcoran,ralcoran80@webeden.co.uk,Female,37.24.14.36
290,Maudie,Dedney,mdedney81@amazon.co.jp,Female,134.255.119.127
291,Lacy,Kilmartin,lkilmartin82@ow.ly,Female,44.55.1.239
292,Yuri,Rustich,yrustich83@list-manage.com,Male,217.17.232.241
293,Lydon,Engelmann,lengelmann84@noaa.gov,Male,121.118.213.41
294,Liza,Largen,llargen85@zdnet.com,Female,150.98.185.99
295,L;urette,Vidineev,lvidineev86@usatoday.com,Female,126.79.37.242
296,Ysabel,Jervoise,yjervoise87@scientificamerican.com,Female,40.83.99.51
297,Dominga,Chicco,dchicco88@nba.com,Female,93.53.80.73
298,Mordy,MacAllen,mmacallen89@indiegogo.com,Male,208.217.16.82
299,Dannye,Warrington,dwarrington8a@furl.net,Female,11.75.227.75
300,Cassandra,Couchman,ccouchman8b@nbcnews.com,Female,35.191.78.190
301,Adina,Fiddymont,afiddymont8c@blinklist.com,Female,32.242.9.156
302,Austen,Lougheed,alougheed8d@odnoklassniki.ru,Male,53.28.133.18
303,Donnie,Tarbatt,dtarbatt8e@upenn.edu,Male,207.224.154.168
304,Dicky,Bingell,dbingell8f@nhs.uk,Male,91.225.244.230
305,Isacco,Glison,iglison8g@accuweather.com,Male,53.129.60.126
306,Larissa,Ruslinge,lruslinge8h@independent.co.uk,Female,155.17.42.51
307,Harmonie,Blything,hblything8i@tuttocitta.it,Female,145.160.129.50
308,Lief,Sunter,lsunter8j@europa.eu,Male,16.54.59.151
309,Duffy,Bamfield,dbamfield8k@infoseek.co.jp,Male,10.243.117.90
310,Haze,Trevorrow,htrevorrow8l@themeforest.net,Male,137.59.88.81
311,Elroy,Rayner,erayner8m@seattletimes.com,Male,255.164.70.185
312,Ingaberg,Orrill,iorrill8n@meetup.com,Female,157.233.197.171
313,Boycie,Isham,bisham8o@storify.com,Male,200.213.124.140
314,Bobina,Nunson,bnunson8p@dailymail.co.uk,Female,202.176.250.201
315,Justine,Michael,jmichael8q@ft.com,Female,121.88.60.100
316,Konstance,Knolles-Green,kknollesgreen8r@slideshare.net,Female,255.43.112.60
317,Tatiania,Rayworth,trayworth8s@mozilla.com,Female,136.62.153.96
318,Saundra,Lumsdaine,slumsdaine8t@youku.com,Female,195.29.147.91
319,Sianna,Brompton,sbrompton8u@house.gov,Female,0.236.197.94
320,Baron,Clipson,bclipson8v@mac.com,Male,246.229.19.115
321,Jarvis,Maddaford,jmaddaford8w@hud.gov,Male,13.23.104.111
322,Elmer,Guenther,eguenther8x@cbslocal.com,Male,169.115.158.77
323,Lucy,Dorricott,ldorricott8y@auda.org.au,Female,139.112.126.150
324,Cosmo,Franey,cfraney8z@about.com,Male,125.11.160.203
325,Rose,Iwanicki,riwanicki90@yelp.com,Female,35.89.249.119
326,Kaleb,Katzmann,kkatzmann91@theguardian.com,Male,252.221.64.149
327,Olvan,Euesden,oeuesden92@economist.com,Male,164.210.63.9
328,Konstanze,Bratchell,kbratchell93@un.org,Female,43.80.110.228
329,Elberta,Tyre,etyre94@drupal.org,Female,29.244.18.90
330,Antoine,Wearing,awearing95@opensource.org,Male,250.40.9.119
331,Cory,Corness,ccorness96@drupal.org,Female,12.64.17.24
332,Adelbert,Baldin,abaldin97@reddit.com,Male,10.11.124.92
333,Booth,Ascroft,bascroft98@is.gd,Male,60.223.214.117
334,Thomasine,Scrimgeour,tscrimgeour99@disqus.com,Female,222.8.108.233
335,Ashlin,Mantrip,amantrip9a@redcross.org,Male,94.212.48.207
336,Martainn,Tunstall,mtunstall9b@mayoclinic.com,Male,158.225.71.15
337,Hurley,Burtenshaw,hburtenshaw9c@homestead.com,Male,254.216.64.137
338,Audrie,Skoyles,askoyles9d@dyndns.org,Female,244.189.235.197
339,Aindrea,Franzman,afranzman9e@bloomberg.com,Female,187.183.58.161
340,Teador,Balden,tbalden9f@exblog.jp,Male,121.12.119.89
341,Brynn,Clever,bclever9g@vimeo.com,Female,11.35.102.180
342,Ernst,Bresson,ebresson9h@simplemachines.org,Male,28.25.62.43
343,Tommy,Jonk,tjonk9i@wiley.com,Male,161.231.207.97
344,Maryjo,Surfleet,msurfleet9j@51.la,Female,25.152.202.33
345,Prince,Asif,pasif9k@dell.com,Male,196.18.9.53
346,Gran,Leathes,gleathes9l@twitter.com,Male,130.22.219.185
347,Heath,De Morena,hdemorena9m@wikia.com,Female,55.206.134.174
348,Guillaume,Haney,ghaney9n@hugedomains.com,Male,205.182.153.210
349,Mikol,Allabush,mallabush9o@blinklist.com,Male,223.244.234.68
350,Ofilia,Cardow,ocardow9p@google.de,Female,166.53.250.179
351,Granville,Ricardou,gricardou9q@altervista.org,Male,74.29.190.241
352,Ulberto,West-Frimley,uwestfrimley9r@free.fr,Male,88.155.163.123
353,Berne,Burds,bburds9s@cocolog-nifty.com,Male,68.39.114.121
354,Johnnie,Ipsley,jipsley9t@cpanel.net,Male,136.24.237.160
355,Beverley,Wistance,bwistance9u@sakura.ne.jp,Female,122.233.216.140
356,Almire,Wyllis,awyllis9v@gravatar.com,Female,249.95.96.30
357,Reagen,Jirka,rjirka9w@xinhuanet.com,Male,29.2.239.219
358,Charles,Steynor,csteynor9x@jiathis.com,Male,117.111.168.198
359,Gregoor,Loraine,gloraine9y@domainmarket.com,Male,179.170.230.23
360,Linn,Langhorn,llanghorn9z@gov.uk,Male,130.79.64.224
361,Inglis,Bunten,ibuntena0@ihg.com,Male,186.138.24.101
362,Pauline,MacFayden,pmacfaydena1@joomla.org,Female,200.165.231.109
363,Erin,Lankester,elankestera2@sogou.com,Male,242.150.245.22
364,Adolf,Bromfield,abromfielda3@jiathis.com,Male,83.76.37.238
365,Freddie,Klausewitz,fklausewitza4@google.es,Male,153.103.217.52
366,Torrence,Donohue,tdonohuea5@shareasale.com,Male,132.20.167.214
367,Alric,Thomel,athomela6@spiegel.de,Male,117.80.13.157
368,Tonnie,Patroni,tpatronia7@who.int,Male,94.119.78.35
369,Sherlock,Elderidge,selderidgea8@msu.edu,Male,212.61.61.57
370,Seline,Marfield,smarfielda9@tripod.com,Female,178.143.103.165
371,Dusty,Charlon,dcharlonaa@state.gov,Female,169.106.13.129
372,Lynsey,Croxford,lcroxfordab@scientificamerican.com,Female,16.34.42.181
373,Averell,Arenson,aarensonac@plala.or.jp,Male,43.12.4.180
374,Cloe,Lahy,clahyad@csmonitor.com,Female,72.27.90.157
375,Morganne,Whitehorn,mwhitehornae@umn.edu,Female,191.74.235.208
376,Jeffy,Bafford,jbaffordaf@bloomberg.com,Male,169.242.124.5
377,Vanni,Nannini,vnanniniag@biblegateway.com,Female,203.175.150.65
378,Maxie,Kiffe,mkiffeah@xinhuanet.com,Male,205.190.68.253
379,Alexei,Hendriksen,ahendriksenai@cornell.edu,Male,95.230.25.177
380,Robina,Esland,reslandaj@delicious.com,Female,227.96.27.249
381,Cyrus,Rentz,crentzak@prnewswire.com,Male,143.201.177.184
382,Daren,Risbrough,drisbroughal@about.com,Male,128.214.167.170
383,Lorilyn,Wheeliker,lwheelikeram@over-blog.com,Female,175.115.79.212
384,Karel,Havile,khavilean@xinhuanet.com,Male,223.200.182.84
385,Hynda,Farrington,hfarringtonao@oakley.com,Female,162.158.202.253
386,Linn,Kemshell,lkemshellap@nyu.edu,Female,57.66.187.47
387,Cristal,Fonteyne,cfonteyneaq@marketwatch.com,Female,221.196.178.7
388,Jacob,Milnthorpe,jmilnthorpear@jigsy.com,Male,119.51.243.154
389,Farlay,O'Sirin,fosirinas@redcross.org,Male,108.51.135.240
390,Sophia,Dyne,sdyneat@archive.org,Female,236.207.157.204
391,Benjamen,McLachlan,bmclachlanau@friendfeed.com,Male,249.61.185.195
392,Hamilton,Prendergrast,hprendergrastav@topsy.com,Male,150.226.187.225
393,Marilyn,Paye,mpayeaw@businessweek.com,Female,58.167.161.157
394,Cly,Schollar,cschollarax@sina.com.cn,Male,207.23.23.248
395,Trenton,Bloxsum,tbloxsumay@oaic.gov.au,Male,175.231.90.41
396,Conant,Barus,cbarusaz@addtoany.com,Male,81.123.222.12
397,Verena,Jacqueminet,vjacqueminetb0@fotki.com,Female,175.243.59.172
398,Ashley,Timberlake,atimberlakeb1@nymag.com,Female,7.127.99.160
399,Worth,Burdess,wburdessb2@hibu.com,Male,169.98.161.234
400,Trev,Niave,tniaveb3@cnet.com,Male,63.230.126.81
401,Lauraine,Frohock,lfrohockb4@psu.edu,Female,142.123.48.165
402,Peyton,Snook,psnookb5@google.de,Male,116.159.138.134
403,Darleen,Spacy,dspacyb6@wikimedia.org,Female,52.240.92.43
404,Guss,Squirrel,gsquirrelb7@bluehost.com,Male,202.91.207.130
405,Costa,Zellmer,czellmerb8@sciencedirect.com,Male,101.215.199.27
406,Brandon,Sorrell,bsorrellb9@shop-pro.jp,Male,204.166.212.198
407,Irvin,Kornas,ikornasba@merriam-webster.com,Male,251.190.95.73
408,Colette,Willicott,cwillicottbb@accuweather.com,Female,137.191.204.158
409,Cly,Keary,ckearybc@google.co.jp,Male,234.96.73.142
410,Ali,Alvares,aalvaresbd@nyu.edu,Female,197.99.47.4
411,Carina,Zarfati,czarfatibe@cbsnews.com,Female,185.216.202.91
412,Alyss,Gude,agudebf@lulu.com,Female,218.45.38.9
413,Molly,Kinsella,mkinsellabg@yandex.ru,Female,201.105.199.77
414,Bernadene,Gissing,bgissingbh@skype.com,Female,91.15.106.153
415,Pete,Spencer,pspencerbi@facebook.com,Male,88.194.175.95
416,Sascha,Lilleyman,slilleymanbj@cornell.edu,Male,119.18.229.41
417,Archibaldo,McElwee,amcelweebk@kickstarter.com,Male,24.5.163.54
418,Maryann,Matskevich,mmatskevichbl@webmd.com,Female,110.29.205.201
419,Nappy,Carlson,ncarlsonbm@oakley.com,Male,245.54.141.214
420,Foss,Palphramand,fpalphramandbn@chron.com,Male,106.18.235.181
421,Gordie,Gerrietz,ggerrietzbo@unc.edu,Male,155.50.176.95
422,Gabriellia,Pleming,gplemingbp@google.ru,Female,46.193.138.137
423,Bobbie,Easseby,beassebybq@dropbox.com,Male,55.249.56.4
424,Aldous,Fogg,afoggbr@ameblo.jp,Male,23.138.36.154
425,Hazlett,Skeath,hskeathbs@hhs.gov,Male,90.96.221.187
426,Moore,Ryder,mryderbt@flavors.me,Male,219.36.159.195
427,Silvia,Vasiliu,svasiliubu@mac.com,Female,19.158.152.114
428,Nowell,Morfell,nmorfellbv@artisteer.com,Male,161.241.8.247
429,Maridel,Bumpass,mbumpassbw@ft.com,Female,158.35.205.133
430,Thomasine,Scholfield,tscholfieldbx@usda.gov,Female,52.17.210.60
431,Sophia,Biggadyke,sbiggadykeby@google.ca,Female,60.205.93.83
432,Wilhelmina,Gayden,wgaydenbz@hostgator.com,Female,68.148.217.232
433,Ive,Cogin,icoginc0@dmoz.org,Male,208.72.194.106
434,Aldin,Joskowicz,ajoskowiczc1@google.de,Male,127.252.53.166
435,Ewell,Leisman,eleismanc2@patch.com,Male,188.175.215.192
436,Melvin,Hackforth,mhackforthc3@gov.uk,Male,28.135.118.66
437,Harlin,O'Crotty,hocrottyc4@wired.com,Male,45.117.142.189
438,Zachariah,Sherborn,zsherbornc5@thetimes.co.uk,Male,223.30.208.14
439,Trueman,Simson,tsimsonc6@census.gov,Male,44.158.166.203
440,Gabriellia,Duggon,gduggonc7@mozilla.org,Female,13.27.173.182
441,Shaughn,Ralph,sralphc8@npr.org,Male,241.216.76.30
442,Ethelind,Van Hove,evanhovec9@pbs.org,Female,190.92.245.225
443,Willamina,Penwell,wpenwellca@va.gov,Female,159.71.170.139
444,Antonin,Levesque,alevesquecb@java.com,Male,144.166.77.131
445,Salvador,Willacot,swillacotcc@msu.edu,Male,192.88.35.10
446,Will,Ebsworth,websworthcd@toplist.cz,Male,129.169.161.82
447,Lyndsey,Derisly,lderislyce@com.com,Female,114.96.170.186
448,Remington,Meggison,rmeggisoncf@tripod.com,Male,219.33.33.70
449,Ciro,Rathmell,crathmellcg@wordpress.org,Male,109.86.21.65
450,Floria,Copcutt,fcopcuttch@berkeley.edu,Female,116.32.243.110
451,Baron,felip,bfelipci@wufoo.com,Male,250.237.155.140
452,Dione,Pote,dpotecj@xing.com,Female,131.211.112.47
453,Merci,Tenniswood,mtenniswoodck@answers.com,Female,162.202.198.118
454,Trix,Aris,tariscl@europa.eu,Female,162.120.238.44
455,Iolanthe,Stollberger,istollbergercm@myspace.com,Female,222.132.22.99
456,Bevon,Krolman,bkrolmancn@businessweek.com,Male,123.219.121.206
457,Connor,Collyear,ccollyearco@ftc.gov,Male,151.129.200.34
458,Giuditta,McLernon,gmclernoncp@nba.com,Female,218.137.2.251
459,Sydel,Boner,sbonercq@techcrunch.com,Female,38.201.77.88
460,Patrizius,Burvill,pburvillcr@apple.com,Male,114.8.220.195
461,Koral,Bandy,kbandycs@weebly.com,Female,45.157.230.154
462,Olivia,O'Halligan,oohalliganct@facebook.com,Female,188.47.195.151
463,Edy,Attril,eattrilcu@usgs.gov,Female,159.27.197.233
464,Georgina,Grzeszczyk,ggrzeszczykcv@blog.com,Female,200.184.6.128
465,Milissent,Mullinger,mmullingercw@nih.gov,Female,243.182.210.88
466,Saunderson,Braine,sbrainecx@amazon.co.jp,Male,5.61.67.199
467,Giacobo,Gresser,ggressercy@ftc.gov,Male,30.185.127.96
468,Adiana,Mee,ameecz@apache.org,Female,68.1.141.184
469,Jocelin,Verlinden,jverlindend0@time.com,Female,227.9.17.79
470,Pattin,O'Cosgra,pocosgrad1@discuz.net,Male,23.173.13.79
471,Irvin,Branton,ibrantond2@answers.com,Male,106.217.188.163
472,Leroi,Cadding,lcaddingd3@pagesperso-orange.fr,Male,26.114.228.59
473,Ginnifer,Crommett,gcrommettd4@mysql.com,Female,170.154.9.242
474,Gunar,Mounch,gmounchd5@weather.com,Male,64.58.179.10
475,Geoffrey,Rehn,grehnd6@eepurl.com,Male,171.107.194.14
476,Stanley,Bampkin,sbampkind7@jimdo.com,Male,209.11.25.154
477,Mirella,Fairlamb,mfairlambd8@stumbleupon.com,Female,86.3.103.202
478,Giles,Kleinstub,gkleinstubd9@goodreads.com,Male,38.178.148.214
479,Sianna,Bryers,sbryersda@intel.com,Female,102.231.252.91
480,Blayne,Coulbeck,bcoulbeckdb@cnn.com,Male,212.114.255.40
481,Cicely,Narrie,cnarriedc@weibo.com,Female,213.189.178.254
482,Byrom,Greenroad,bgreenroaddd@tripod.com,Male,241.252.216.149
483,Chiarra,Fellenor,cfellenorde@paginegialle.it,Female,84.250.189.166
484,Tedd,Febre,tfebredf@de.vu,Male,180.205.124.134
485,Jillie,Tocher,jtocherdg@usa.gov,Female,191.30.170.123
486,Carolyn,Gibbie,cgibbiedh@freewebs.com,Female,214.42.247.184
487,Quintina,Coyett,qcoyettdi@purevolume.com,Female,49.246.57.194
488,Corbin,Attride,cattridedj@unicef.org,Male,189.231.147.200
489,Marni,Briggdale,mbriggdaledk@biglobe.ne.jp,Female,47.16.35.250
490,Conney,Devereu,cdevereudl@artisteer.com,Male,83.57.156.252
491,Les,Farfoot,lfarfootdm@vimeo.com,Male,42.36.129.191
492,Edwina,Pettiward,epettiwarddn@omniture.com,Female,93.20.217.189
493,Dolli,Paulich,dpaulichdo@dyndns.org,Female,101.177.74.33
494,Ronda,Birdwhistell,rbirdwhistelldp@columbia.edu,Female,138.248.152.179
495,Weidar,Funcheon,wfuncheondq@wsj.com,Male,208.241.152.61
496,Bron,Bethell,bbethelldr@barnesandnoble.com,Male,181.60.162.192
497,Monti,Glendzer,mglendzerds@quantcast.com,Male,10.42.167.109
498,Lurleen,Dunsire,ldunsiredt@istockphoto.com,Female,211.13.160.104
499,Kanya,Brazur,kbrazurdu@issuu.com,Female,1.240.252.2
500,Suzy,Pechan,spechandv@forbes.com,Female,251.245.226.42
501,Jacinta,Gillard,jgillarddw@netscape.com,Female,250.52.116.236
502,Jacinda,Bodicam,jbodicamdx@mit.edu,Female,248.226.42.255
503,Alyssa,Dive,adivedy@msn.com,Female,146.12.26.225
504,Cameron,Circuitt,ccircuittdz@cdbaby.com,Male,114.160.54.169
505,Loren,McElree,lmcelreee0@homestead.com,Female,225.95.206.54
506,Redford,Burgoyne,rburgoynee1@loc.gov,Male,13.96.19.153
507,Catlaina,Longmead,clongmeade2@uiuc.edu,Female,71.118.159.172
508,Dalenna,Vasyatkin,dvasyatkine3@google.ca,Female,205.251.235.203
509,Reine,Eglese,reglesee4@ycombinator.com,Female,146.43.5.27
510,Chery,Rowland,crowlande5@fda.gov,Female,153.104.98.248
511,Hanny,Broomer,hbroomere6@technorati.com,Female,25.63.17.113
512,Bernadette,Boland,bbolande7@canalblog.com,Female,177.37.73.48
513,Tonnie,Slaughter,tslaughtere8@army.mil,Male,111.0.72.75
514,Letty,Govenlock,lgovenlocke9@webmd.com,Female,106.27.148.125
515,Norbie,McGraw,nmcgrawea@technorati.com,Male,72.60.187.167
516,Clive,Kindread,ckindreadeb@unicef.org,Male,120.194.234.132
517,Gar,Perritt,gperrittec@deliciousdays.com,Male,125.238.157.131
518,Karisa,Yoselevitch,kyoselevitched@xrea.com,Female,213.214.248.162
519,Teena,Shelley,tshelleyee@loc.gov,Female,230.205.28.48
520,Hyacinthia,Casetta,hcasettaef@redcross.org,Female,69.237.85.237
521,Helaine,Kindall,hkindalleg@merriam-webster.com,Female,4.50.104.188
522,Lorrayne,Bohlens,lbohlenseh@amazon.com,Female,156.63.56.78
523,Winnifred,Frissell,wfrissellei@slideshare.net,Female,196.58.147.111
524,Corine,Sperski,csperskiej@ameblo.jp,Female,4.54.210.43
525,Antonietta,Flasby,aflasbyek@imgur.com,Female,245.171.16.153
526,Kissie,Tatlow,ktatlowel@amazon.de,Female,40.86.242.134
527,Hatti,Toppin,htoppinem@java.com,Female,6.182.151.104
528,Walden,Fullegar,wfullegaren@youku.com,Male,47.240.133.92
529,Adrianne,Mothersole,amothersoleeo@wufoo.com,Female,50.109.136.120
530,Nikki,Dorken,ndorkenep@addtoany.com,Female,91.183.100.80
531,Annaliese,Menelaws,amenelawseq@google.co.uk,Female,176.43.63.206
532,Fabe,O'Rodane,forodaneer@shutterfly.com,Male,17.90.32.221
533,Goldia,Mitchener,gmitcheneres@admin.ch,Female,39.255.186.25
534,Herbie,Cullen,hcullenet@360.cn,Male,184.79.5.101
535,Kinsley,O'Moylane,komoylaneeu@ebay.co.uk,Male,106.194.146.179
536,Hobey,Woodburne,hwoodburneev@ucoz.ru,Male,168.233.79.146
537,Ned,De Blasiis,ndeblasiisew@icq.com,Male,185.161.237.59
538,Karola,Amys,kamysex@gmpg.org,Female,190.208.189.102
539,Claudia,Dibbs,cdibbsey@google.ru,Female,123.124.243.122
540,Terrance,Bondar,tbondarez@tinypic.com,Male,126.1.131.129
541,Frasier,Brandreth,fbrandrethf0@netscape.com,Male,7.216.116.152
542,Bettye,Trenam,btrenamf1@drupal.org,Female,54.136.18.187
543,Augustus,Dunkerly,adunkerlyf2@ebay.co.uk,Male,203.108.90.26
544,Hans,McNiff,hmcnifff3@uol.com.br,Male,202.166.138.68
545,Dolorita,Huntington,dhuntingtonf4@skyrock.com,Female,1.91.46.242
546,Louisette,Chater,lchaterf5@chicagotribune.com,Female,216.85.32.144
547,Geri,Brisson,gbrissonf6@prlog.org,Female,212.27.164.173
548,Darwin,Lapsley,dlapsleyf7@flavors.me,Male,106.231.118.226
549,Teddy,Gillings,tgillingsf8@seesaa.net,Female,47.137.144.131
550,Shellysheldon,Heathcoat,sheathcoatf9@quantcast.com,Male,33.42.177.21
551,Chaunce,Trembey,ctrembeyfa@usnews.com,Male,99.21.178.192
552,Rice,Bigland,rbiglandfb@plala.or.jp,Male,213.35.18.64
553,Garvy,Brazer,gbrazerfc@symantec.com,Male,240.92.41.229
554,Alyse,Reinbech,areinbechfd@intel.com,Female,55.38.189.111
555,Conant,Chase,cchasefe@tuttocitta.it,Male,151.219.215.4
556,Selma,Coleman,scolemanff@histats.com,Female,8.210.27.154
557,Putnem,Mathivet,pmathivetfg@liveinternet.ru,Male,83.147.79.15
558,Bogart,Daniau,bdaniaufh@sfgate.com,Male,183.225.233.0
559,Frasier,Bullivent,fbulliventfi@elpais.com,Male,66.243.46.234
560,Melinda,Layfield,mlayfieldfj@nifty.com,Female,17.197.26.159
561,Winston,Elcy,welcyfk@redcross.org,Male,56.113.121.218
562,Laurence,Dobey,ldobeyfl@hao123.com,Male,253.188.222.129
563,Robby,Kaliszewski,rkaliszewskifm@hc360.com,Male,76.188.98.109
564,Ulric,Joesbury,ujoesburyfn@mapy.cz,Male,172.91.110.36
565,Siegfried,Marsay,smarsayfo@linkedin.com,Male,236.208.237.101
566,Briggs,Ladbrook,bladbrookfp@telegraph.co.uk,Male,199.171.33.35
567,Suzanne,Mc Trusty,smctrustyfq@amazon.co.jp,Female,116.204.97.29
568,Suki,Turbard,sturbardfr@stumbleupon.com,Female,156.62.149.252
569,Modesta,Guitonneau,mguitonneaufs@intel.com,Female,231.24.1.241
570,Seward,Whale,swhaleft@instagram.com,Male,230.13.110.225
571,Seamus,Bartol,sbartolfu@washington.edu,Male,3.81.71.182
572,Sheelagh,Tuttle,stuttlefv@cbslocal.com,Female,83.157.102.187
573,Amalea,Yakutin,ayakutinfw@netscape.com,Female,247.120.103.3
574,Elianore,Kingcott,ekingcottfx@eventbrite.com,Female,195.130.136.186
575,Meade,Pochin,mpochinfy@yandex.ru,Male,54.120.226.148
576,Neron,Anderl,nanderlfz@canalblog.com,Male,248.200.42.36
577,Arnaldo,Aldwinckle,aaldwinckleg0@harvard.edu,Male,56.8.63.243
578,Lydie,Swansborough,lswansboroughg1@imgur.com,Female,2.87.152.104
579,Robbi,Mallabon,rmallabong2@bbc.co.uk,Female,86.201.93.89
580,Adey,Baack,abaackg3@constantcontact.com,Female,234.53.33.89
581,Becka,Lampaert,blampaertg4@tiny.cc,Female,66.89.177.146
582,Wilona,Fillgate,wfillgateg5@hexun.com,Female,65.149.10.38
583,Tammy,Trenouth,ttrenouthg6@newsvine.com,Female,126.47.249.49
584,Marietta,Culham,mculhamg7@pinterest.com,Female,199.40.12.139
585,Anastasia,Cathesyed,acathesyedg8@ow.ly,Female,153.251.47.254
586,Stafani,Boyse,sboyseg9@slideshare.net,Female,37.238.54.163
587,Merrili,Benford,mbenfordga@sohu.com,Female,182.32.19.248
588,Gerda,Oguz,goguzgb@bigcartel.com,Female,113.50.68.86
589,Knox,Kaspar,kkaspargc@ask.com,Male,101.93.126.224
590,Ransell,Danielli,rdanielligd@psu.edu,Male,0.226.46.94
591,Justin,Deer,jdeerge@freewebs.com,Male,48.203.73.255
592,Clemens,Rizzardo,crizzardogf@irs.gov,Male,197.152.184.31
593,Baxie,Itshak,bitshakgg@cisco.com,Male,119.210.181.10
594,Lionello,Knutsen,lknutsengh@ovh.net,Male,210.220.242.77
595,Clementia,Tankus,ctankusgi@ow.ly,Female,220.250.45.176
596,Koral,Urquhart,kurquhartgj@howstuffworks.com,Female,140.117.2.94
597,Berri,Bandy,bbandygk@histats.com,Female,33.180.70.58
598,Isaak,Winyard,iwinyardgl@japanpost.jp,Male,33.58.60.150
599,Kevin,Dye,kdyegm@ft.com,Male,9.231.120.86
600,Lucila,Kellen,lkellengn@seesaa.net,Female,40.28.96.17
601,Monro,Lillegard,mlillegardgo@homestead.com,Male,118.86.33.41
602,Claude,Solloway,csollowaygp@sphinn.com,Female,213.70.29.35
603,Andonis,Jaggar,ajaggargq@indiegogo.com,Male,6.98.67.150
604,Addi,Heephy,aheephygr@goo.gl,Female,177.170.118.158
605,Nikolos,Droogan,ndroogangs@deliciousdays.com,Male,71.216.228.31
606,Christa,Halfpenny,chalfpennygt@liveinternet.ru,Female,108.92.64.245
607,Gwenni,Cabel,gcabelgu@telegraph.co.uk,Female,236.122.67.183
608,Eleanore,Harget,ehargetgv@time.com,Female,207.51.207.72
609,Delainey,Rossborough,drossboroughgw@nyu.edu,Male,181.21.95.114
610,Darell,Klimuk,dklimukgx@gnu.org,Female,101.155.153.240
611,Erek,Browne,ebrownegy@gnu.org,Male,198.221.20.152
612,Maryanne,Pavlovsky,mpavlovskygz@ehow.com,Female,192.2.244.108
613,Alan,Pickrell,apickrellh0@mysql.com,Male,15.110.93.135
614,Gregoor,Gianilli,ggianillih1@admin.ch,Male,53.229.95.65
615,Ursulina,Scroggie,uscroggieh2@people.com.cn,Female,186.217.196.59
616,Tailor,Paddell,tpaddellh3@ifeng.com,Male,160.250.3.192
617,Eyde,Millwall,emillwallh4@tiny.cc,Female,136.218.67.92
618,Spense,Lethardy,slethardyh5@google.nl,Male,25.170.197.206
619,Zonda,Darrach,zdarrachh6@biglobe.ne.jp,Female,66.4.157.248
620,Brittni,Remer,bremerh7@forbes.com,Female,234.3.93.155
621,Prince,Falla,pfallah8@aol.com,Male,194.238.162.8
622,Fraser,Faint,ffainth9@chron.com,Male,226.225.244.140
623,Antonietta,Harback,aharbackha@imageshack.us,Female,135.202.1.95
624,Kriste,Gemlbett,kgemlbetthb@reverbnation.com,Female,124.54.113.194
625,Raimundo,Gooderridge,rgooderridgehc@ft.com,Male,69.208.28.159
626,Nadia,Gherardi,ngherardihd@answers.com,Female,225.14.83.114
627,Franz,Marple,fmarplehe@scientificamerican.com,Male,50.187.246.216
628,Desmond,Baylis,dbaylishf@jugem.jp,Male,85.153.61.195
629,Hedda,Adne,hadnehg@artisteer.com,Female,33.6.166.101
630,Lind,Bridewell,lbridewellhh@google.cn,Male,21.153.126.109
631,Karoline,Symers,ksymershi@php.net,Female,26.141.108.247
632,Juditha,Napoli,jnapolihj@bluehost.com,Female,25.28.238.84
633,Kahaleel,Brinkley,kbrinkleyhk@boston.com,Male,223.153.246.140
634,Terence,Mueller,tmuellerhl@blogger.com,Male,174.158.239.46
635,Homere,Buzza,hbuzzahm@tmall.com,Male,53.137.1.89
636,Jere,Nolte,jnoltehn@mozilla.com,Male,60.162.241.164
637,Evey,Reightley,ereightleyho@uol.com.br,Female,96.68.238.110
638,Woody,Hardistry,whardistryhp@dot.gov,Male,77.50.20.195
639,Querida,Flew,qflewhq@cornell.edu,Female,211.151.20.177
640,Stanford,Prior,spriorhr@samsung.com,Male,143.66.240.107
641,Arabelle,Beuscher,abeuscherhs@hugedomains.com,Female,113.195.122.58
642,Osbourn,Ciottoi,ociottoiht@eventbrite.com,Male,77.171.146.158
643,Nalani,Tranfield,ntranfieldhu@howstuffworks.com,Female,29.51.73.146
644,Kelly,Antoinet,kantoinethv@cdc.gov,Male,185.120.86.50
645,Sigvard,Harness,sharnesshw@netvibes.com,Male,178.174.190.59
646,Caddric,Speake,cspeakehx@prnewswire.com,Male,135.198.200.133
647,Mariette,Mawditt,mmawditthy@oracle.com,Female,133.123.252.165
648,Hilly,Vernall,hvernallhz@unicef.org,Male,138.241.185.172
649,Imojean,Sant,isanti0@indiatimes.com,Female,107.41.211.114
650,Crystal,Van Dale,cvandalei1@ifeng.com,Female,44.253.190.11
651,Rowland,Howsden,rhowsdeni2@desdev.cn,Male,161.140.252.194
652,Natasha,Robeson,nrobesoni3@about.com,Female,217.64.79.193
653,Haskell,Godsafe,hgodsafei4@ifeng.com,Male,143.136.145.211
654,Nefen,Reason,nreasoni5@foxnews.com,Male,244.175.154.246
655,Freddy,Scates,fscatesi6@dailymail.co.uk,Female,32.122.52.214
656,Jedidiah,Curnucke,jcurnuckei7@studiopress.com,Male,168.171.140.248
657,Toinette,Gauch,tgauchi8@scientificamerican.com,Female,40.128.175.232
658,Ada,Carlino,acarlinoi9@jugem.jp,Female,9.140.141.145
659,Ronalda,Jaram,rjaramia@free.fr,Female,114.4.212.231
660,Susi,Chave,schaveib@blogtalkradio.com,Female,153.187.23.246
661,Bartolemo,Lay,blayic@princeton.edu,Male,119.51.98.105
662,Esma,Dallaway,edallawayid@china.com.cn,Female,48.123.92.222
663,Isadore,Snailham,isnailhamie@telegraph.co.uk,Male,145.36.178.182
664,Briant,Weafer,bweaferif@cloudflare.com,Male,42.54.31.100
665,Alica,Covendon,acovendonig@vinaora.com,Female,3.50.139.228
666,Cahra,Newlands,cnewlandsih@plala.or.jp,Female,61.218.121.24
667,Alonso,Renon,arenonii@pbs.org,Male,171.31.9.148
668,Mada,Dolphin,mdolphinij@home.pl,Female,5.6.115.91
669,Lammond,MacGhee,lmacgheeik@usgs.gov,Male,62.173.129.129
670,Georgianna,Anfonsi,ganfonsiil@sun.com,Female,0.156.54.205
671,Randi,Mawby,rmawbyim@phoca.cz,Female,98.81.30.83
672,Annie,Weatherhead,aweatherheadin@diigo.com,Female,202.157.226.224
673,Teri,Glandon,tglandonio@guardian.co.uk,Female,75.247.1.240
674,Norbie,Gunney,ngunneyip@privacy.gov.au,Male,245.51.10.92
675,Devi,Bursnall,dbursnalliq@posterous.com,Female,0.128.251.247
676,Lonnie,Kearey,lkeareyir@salon.com,Male,36.149.7.49
677,Broderic,Lathey,blatheyis@blogger.com,Male,144.246.94.201
678,Gussie,Bleything,gbleythingit@simplemachines.org,Female,37.112.26.225
679,Delcina,Formie,dformieiu@moonfruit.com,Female,34.245.38.226
680,Maurise,Pagan,mpaganiv@businessinsider.com,Male,124.202.17.106
681,Garold,Taaffe,gtaaffeiw@plala.or.jp,Male,103.176.155.22
682,Tana,Ladds,tladdsix@seesaa.net,Female,125.104.15.96
683,Lynea,Packwood,lpackwoodiy@jalbum.net,Female,96.108.144.153
684,Wallace,Dowdeswell,wdowdeswelliz@google.ca,Male,230.119.100.176
685,Paxton,Kubiczek,pkubiczekj0@nifty.com,Male,211.104.149.150
686,Mareah,Pampling,mpamplingj1@google.ru,Female,193.9.165.70
687,Roby,Crutchfield,rcrutchfieldj2@1688.com,Female,130.18.76.181
688,Jemimah,Giovannacci,jgiovannaccij3@myspace.com,Female,37.188.66.218
689,Ulberto,Chancelier,uchancelierj4@myspace.com,Male,228.185.130.202
690,Mal,Tackley,mtackleyj5@bloomberg.com,Male,237.13.165.11
691,Tate,Harman,tharmanj6@surveymonkey.com,Male,65.36.58.22
692,Valina,Chasson,vchassonj7@tuttocitta.it,Female,215.143.127.155
693,Gayelord,Billham,gbillhamj8@java.com,Male,10.81.116.216
694,Minnaminnie,Huckerby,mhuckerbyj9@nationalgeographic.com,Female,115.246.96.223
695,Stillmann,Joutapavicius,sjoutapaviciusja@gmpg.org,Male,180.88.37.228
696,Emyle,Nelmes,enelmesjb@guardian.co.uk,Female,251.148.26.33
697,Jdavie,Ashness,jashnessjc@zdnet.com,Male,70.21.179.211
698,Perri,Jesson,pjessonjd@ft.com,Female,207.90.63.113
699,Rosy,Gisbey,rgisbeyje@guardian.co.uk,Female,126.120.114.78
700,Lindsy,Layzell,llayzelljf@usatoday.com,Female,219.247.107.103
701,Sammy,Ebbotts,sebbottsjg@ebay.com,Female,91.225.52.186
702,Aldis,Goldbourn,agoldbournjh@bbc.co.uk,Male,202.148.131.192
703,Bennie,Penhaleurack,bpenhaleurackji@accuweather.com,Male,119.95.37.51
704,Maud,Biever,mbieverjj@yellowpages.com,Female,180.46.163.225
705,Seline,Astill,sastilljk@slashdot.org,Female,51.229.203.92
706,Hannie,Birnie,hbirniejl@nyu.edu,Female,158.179.220.25
707,Carri,Cass,ccassjm@ifeng.com,Female,68.199.9.80
708,Herold,Moscrop,hmoscropjn@csmonitor.com,Male,243.231.62.134
709,Lebbie,Durie,lduriejo@washingtonpost.com,Female,182.54.208.238
710,Linn,Golder,lgolderjp@example.com,Female,162.235.204.96
711,Marcus,Von Gladbach,mvongladbachjq@ebay.com,Male,163.140.50.161
712,Alfy,Catonne,acatonnejr@com.com,Male,194.253.100.111
713,Ophelia,Grossman,ogrossmanjs@senate.gov,Female,64.132.169.163
714,Joella,Maior,jmaiorjt@vkontakte.ru,Female,65.221.61.201
715,Friedrick,Byard,fbyardju@bizjournals.com,Male,207.103.84.112
716,Roana,Peasegod,rpeasegodjv@wikia.com,Female,246.8.188.165
717,Ag,Yegorchenkov,ayegorchenkovjw@foxnews.com,Female,44.166.76.237
718,Leontine,Ply,lplyjx@slashdot.org,Female,187.179.233.74
719,Theo,Gecks,tgecksjy@mlb.com,Male,243.212.203.219
720,Jenine,Chaim,jchaimjz@i2i.jp,Female,166.87.55.217
721,Serene,Hasselby,shasselbyk0@domainmarket.com,Female,101.206.138.115
722,Barbette,Grogona,bgrogonak1@dmoz.org,Female,106.172.48.130
723,Alyce,Sipson,asipsonk2@answers.com,Female,140.74.63.34
724,Nanci,Gullick,ngullickk3@pinterest.com,Female,229.124.127.139
725,Kathryne,Krook,kkrookk4@linkedin.com,Female,8.28.110.222
726,Sibel,Dan,sdank5@xinhuanet.com,Female,250.155.129.186
727,Sabrina,Talloe,stalloek6@admin.ch,Female,98.234.35.197
728,Kelcie,D'Ambrosi,kdambrosik7@nationalgeographic.com,Female,235.59.112.220
729,Darlene,Nurden,dnurdenk8@ucsd.edu,Female,89.208.214.40
730,Iver,McVitty,imcvittyk9@odnoklassniki.ru,Male,83.44.3.192
731,Maighdiln,Barensen,mbarensenka@ted.com,Female,130.211.8.205
732,Christal,Horney,chorneykb@indiatimes.com,Female,151.75.240.188
733,Heriberto,MacGahey,hmacgaheykc@wix.com,Male,68.181.5.74
734,Broderic,Hupe,bhupekd@newyorker.com,Male,222.74.64.77
735,Caroline,Magor,cmagorke@yellowbook.com,Female,188.49.37.207
736,Alison,Viveash,aviveashkf@springer.com,Female,50.145.160.18
737,Katya,Babonau,kbabonaukg@bluehost.com,Female,255.33.235.99
738,Lita,Vearncombe,lvearncombekh@dion.ne.jp,Female,206.246.83.191
739,Berkie,Gallemore,bgallemoreki@noaa.gov,Male,28.18.75.23
740,Eleni,Sheather,esheatherkj@admin.ch,Female,246.107.189.98
741,Jazmin,Pibworth,jpibworthkk@harvard.edu,Female,130.73.60.0
742,Janette,Dreier,jdreierkl@hatena.ne.jp,Female,184.198.64.147
743,Nickolaus,Poznan,npoznankm@pbs.org,Male,196.110.200.94
744,Odell,Fewster,ofewsterkn@wikipedia.org,Male,9.203.187.192
745,Moore,Exeter,mexeterko@merriam-webster.com,Male,71.190.214.209
746,Farlay,Mann,fmannkp@mapy.cz,Male,55.75.140.233
747,Johannah,Wetter,jwetterkq@dell.com,Female,238.86.138.178
748,Jasmina,Tallowin,jtallowinkr@is.gd,Female,24.78.67.227
749,Aloin,Brewitt,abrewittks@sourceforge.net,Male,43.35.232.77
750,Omar,Chicken,ochickenkt@seattletimes.com,Male,207.151.21.27
751,Devy,Coverly,dcoverlyku@opensource.org,Male,162.182.29.10
752,Jess,Symington,jsymingtonkv@walmart.com,Female,194.247.20.127
753,Perkin,Glastonbury,pglastonburykw@skyrock.com,Male,194.224.143.192
754,Krissie,Carlill,kcarlillkx@yahoo.co.jp,Female,73.195.146.138
755,Roosevelt,Ivkovic,rivkovicky@dot.gov,Male,181.82.84.125
756,Leontyne,Drakeford,ldrakefordkz@google.cn,Female,45.167.252.16
757,Eugen,Daughton,edaughtonl0@goodreads.com,Male,57.97.175.63
758,Herve,Piletic,hpileticl1@amazonaws.com,Male,247.96.192.173
759,Leela,Maryott,lmaryottl2@angelfire.com,Female,199.168.142.190
760,Galvan,Laybourne,glaybournel3@simplemachines.org,Male,237.173.159.204
761,Guillaume,Burgoyne,gburgoynel4@un.org,Male,78.226.131.61
762,Gearard,Pashan,gpashanl5@vistaprint.com,Male,34.90.239.139
763,Cyndy,St. Quintin,cstquintinl6@java.com,Female,102.185.53.43
764,Frederigo,Bourtoumieux,fbourtoumieuxl7@oracle.com,Male,61.219.71.180
765,Alleyn,Verey,avereyl8@1688.com,Male,68.190.0.220
766,Freddi,Cavolini,fcavolinil9@tripadvisor.com,Female,69.73.217.95
767,Blair,Tiler,btilerla@plala.or.jp,Male,249.240.94.224
768,Noland,Persence,npersencelb@guardian.co.uk,Male,166.136.150.56
769,Finlay,Barltrop,fbarltroplc@photobucket.com,Male,111.214.71.217
770,Ferdie,Duffyn,fduffynld@1und1.de,Male,162.156.82.126
771,Parnell,Sallarie,psallariele@goodreads.com,Male,12.33.91.187
772,Rahel,McTerlagh,rmcterlaghlf@pcworld.com,Female,98.14.157.192
773,Kissee,Torbet,ktorbetlg@wordpress.org,Female,96.53.160.77
774,Lancelot,Isgar,lisgarlh@hp.com,Male,32.187.216.107
775,Aubry,Tabard,atabardli@myspace.com,Female,27.250.146.210
776,Bride,Faldoe,bfaldoelj@networksolutions.com,Female,100.215.7.158
777,Cortie,Corran,ccorranlk@purevolume.com,Male,200.140.58.129
778,Morissa,Sibbson,msibbsonll@prnewswire.com,Female,7.81.231.168
779,Zaneta,Stickel,zstickellm@example.com,Female,68.73.20.243
780,Traci,Rylett,trylettln@cbsnews.com,Female,42.164.156.167
781,Jorey,Mansbridge,jmansbridgelo@rediff.com,Female,226.185.107.149
782,Chelsy,Lowrie,clowrielp@hibu.com,Female,210.3.230.203
783,Rickie,Morde,rmordelq@acquirethisname.com,Female,111.14.121.133
784,Georgy,Forsdyke,gforsdykelr@soundcloud.com,Male,86.22.14.216
785,Tuckie,Blaxton,tblaxtonls@pcworld.com,Male,143.74.114.131
786,Hillary,Lashbrook,hlashbrooklt@buzzfeed.com,Male,192.164.98.176
787,Cicely,Devenish,cdevenishlu@drupal.org,Female,87.77.182.66
788,Gino,Skelton,gskeltonlv@cam.ac.uk,Male,150.252.247.207
789,Joannes,Mitkcov,jmitkcovlw@dailymotion.com,Female,45.166.173.230
790,Magdaia,Klainer,mklainerlx@usgs.gov,Female,173.199.212.171
791,Pasquale,Heimann,pheimannly@bloglines.com,Male,6.187.85.242
792,Raffarty,Maden,rmadenlz@soup.io,Male,77.210.28.120
793,Rodolfo,Belasco,rbelascom0@quantcast.com,Male,118.146.210.5
794,Ardisj,Clifford,acliffordm1@apple.com,Female,183.47.30.194
795,Joyann,Dainter,jdainterm2@un.org,Female,67.244.3.184
796,Abbey,Birts,abirtsm3@storify.com,Female,93.138.167.69
797,Estele,Dodgson,edodgsonm4@dmoz.org,Female,134.99.192.98
798,Kelsey,Settle,ksettlem5@tinypic.com,Male,156.19.108.155
799,Dalli,De Bruijn,ddebruijnm6@geocities.jp,Male,194.66.126.88
800,Lisette,Ikins,likinsm7@quantcast.com,Female,84.114.12.50
801,Claresta,Struthers,cstruthersm8@wired.com,Female,109.76.103.119
802,Cristionna,Allcorn,callcornm9@apache.org,Female,248.203.76.64
803,Raul,Hartshorn,rhartshornma@behance.net,Male,234.140.31.194
804,Gnni,Mollindinia,gmollindiniamb@microsoft.com,Female,149.220.103.180
805,Guthry,Busfield,gbusfieldmc@intel.com,Male,234.0.93.179
806,Fonzie,Bails,fbailsmd@state.gov,Male,45.244.234.8
807,Jodi,Pembry,jpembryme@dot.gov,Male,20.56.41.147
808,Ogdon,Balogun,obalogunmf@sun.com,Male,112.229.140.134
809,Jessika,Kilmary,jkilmarymg@umn.edu,Female,212.227.77.29
810,Vinni,Phateplace,vphateplacemh@army.mil,Female,18.73.164.53
811,Calli,Skirven,cskirvenmi@marriott.com,Female,213.109.138.228
812,Leanor,McWilliam,lmcwilliammj@ezinearticles.com,Female,214.9.245.45
813,Lisette,Keppy,lkeppymk@google.ca,Female,247.138.10.141
814,Loren,Reinhard,lreinhardml@theatlantic.com,Male,133.229.178.111
815,Karlotte,Androli,kandrolimm@acquirethisname.com,Female,250.122.114.104
816,Hyatt,Vankin,hvankinmn@plala.or.jp,Male,188.132.41.255
817,Hieronymus,Clemitt,hclemittmo@liveinternet.ru,Male,86.174.114.79
818,Chelsey,Burness,cburnessmp@mozilla.com,Female,112.37.39.198
819,Christoph,Glowacz,cglowaczmq@unicef.org,Male,132.212.146.32
820,Letizia,Ruppertz,lruppertzmr@studiopress.com,Female,56.160.178.127
821,Richardo,Cassin,rcassinms@cdbaby.com,Male,140.114.219.204
822,Putnam,Cutting,pcuttingmt@unc.edu,Male,236.206.212.255
823,Ardath,Lewis,alewismu@mail.ru,Female,2.170.252.213
824,Gabriele,Jindracek,gjindracekmv@newsvine.com,Male,82.67.193.112
825,Vikki,Reddecliffe,vreddecliffemw@deviantart.com,Female,20.254.44.201
826,Karl,Tomkin,ktomkinmx@thetimes.co.uk,Male,251.49.135.140
827,Rice,Drinkwater,rdrinkwatermy@geocities.jp,Male,186.222.172.145
828,Kaylee,Woof,kwoofmz@github.io,Female,248.211.244.156
829,Herbert,Bellison,hbellisonn0@paypal.com,Male,56.157.72.228
830,Leodora,Goadbie,lgoadbien1@cloudflare.com,Female,157.66.103.93
831,Jacinda,Bakey,jbakeyn2@bigcartel.com,Female,89.11.112.202
832,Willow,Kleen,wkleenn3@ftc.gov,Female,74.80.150.17
833,Erika,Whittick,ewhittickn4@illinois.edu,Female,234.65.144.128
834,Florance,Dibb,fdibbn5@globo.com,Female,231.45.78.145
835,Broderick,Semonin,bsemoninn6@nydailynews.com,Male,33.109.164.57
836,Benita,Gogerty,bgogertyn7@dell.com,Female,137.189.88.47
837,Reuven,Seagood,rseagoodn8@devhub.com,Male,175.224.8.180
838,Peta,Koubek,pkoubekn9@wsj.com,Female,181.26.8.205
839,Jackie,Sidlow,jsidlowna@eventbrite.com,Male,15.1.156.69
840,Betti,Dautry,bdautrynb@ucoz.ru,Female,171.66.60.146
841,Sybilla,Gotcher,sgotchernc@tripadvisor.com,Female,106.22.21.17
842,Melinda,Nears,mnearsnd@scientificamerican.com,Female,95.99.102.144
843,Quint,Bozward,qbozwardne@friendfeed.com,Male,214.182.1.246
844,Florri,Maiden,fmaidennf@indiegogo.com,Female,149.8.40.41
845,Ulrika,Coghill,ucoghillng@mail.ru,Female,183.222.103.175
846,Janeta,Oade,joadenh@bbc.co.uk,Female,48.126.200.41
847,Fidelio,Djekovic,fdjekovicni@tiny.cc,Male,220.174.235.94
848,Ryun,Plan,rplannj@sun.com,Male,80.121.134.104
849,Fleming,Cullerne,fcullernenk@oracle.com,Male,198.87.93.82
850,Jane,Gawith,jgawithnl@japanpost.jp,Female,148.88.37.77
851,Jasper,Marconi,jmarconinm@tamu.edu,Male,72.16.56.247
852,Averil,Elmore,aelmorenn@friendfeed.com,Male,3.204.180.152
853,Raimund,Lunge,rlungeno@goo.ne.jp,Male,150.55.135.21
854,Alysia,McAvaddy,amcavaddynp@redcross.org,Female,216.95.36.132
855,Sherill,Thireau,sthireaunq@bloglovin.com,Female,122.255.213.6
856,Butch,Newlin,bnewlinnr@upenn.edu,Male,145.104.230.224
857,Jacquenetta,Anderer,jandererns@scientificamerican.com,Female,183.164.250.192
858,Flo,Tupper,ftuppernt@delicious.com,Female,246.80.223.82
859,Rita,Doerr,rdoerrnu@ucla.edu,Female,28.111.138.102
860,Claybourne,Van Baaren,cvanbaarennv@businessweek.com,Male,179.67.74.127
861,Marlane,Biggans,mbiggansnw@patch.com,Female,129.239.166.162
862,Randie,Besnard,rbesnardnx@unblog.fr,Male,81.252.235.188
863,Bradan,Pappi,bpappiny@sciencedaily.com,Male,143.213.89.140
864,Bernice,Ximenez,bximeneznz@t-online.de,Female,55.143.140.236
865,Murry,Gregorin,mgregorino0@sun.com,Male,22.97.141.128
866,Nichole,McBean,nmcbeano1@amazon.com,Female,129.186.47.165
867,Dulcia,Moriarty,dmoriartyo2@state.gov,Female,38.147.232.124
868,Pembroke,Roumier,proumiero3@comcast.net,Male,234.203.128.121
869,Winnah,Wilcox,wwilcoxo4@github.com,Female,59.235.20.73
870,Anitra,Kenney,akenneyo5@thetimes.co.uk,Female,247.221.143.4
871,Kippar,Leadbetter,kleadbettero6@yellowbook.com,Male,68.0.24.137
872,Claiborn,Albrook,calbrooko7@wsj.com,Male,153.61.200.196
873,Branden,Hansemann,bhansemanno8@360.cn,Male,15.203.224.210
874,Janet,Shipton,jshiptono9@mashable.com,Female,131.122.193.242
875,Terese,Aitcheson,taitchesonoa@mediafire.com,Female,254.214.199.238
876,Karim,McManamon,kmcmanamonob@issuu.com,Male,147.165.78.166
877,Barton,Fairfoul,bfairfouloc@irs.gov,Male,12.61.53.13
878,Dell,Suttell,dsuttellod@rediff.com,Male,130.40.82.51
879,Dominick,Dorrins,ddorrinsoe@oakley.com,Male,234.193.79.74
880,Pavel,Indruch,pindruchof@studiopress.com,Male,215.127.95.39
881,Kippy,Bumpas,kbumpasog@instagram.com,Male,183.203.68.128
882,Godard,Bretelle,gbretelleoh@wikispaces.com,Male,38.138.161.79
883,Petronia,Seedhouse,pseedhouseoi@photobucket.com,Female,114.81.164.153
884,Ephraim,Hrycek,ehrycekoj@skype.com,Male,165.1.203.31
885,Pollyanna,Fudge,pfudgeok@taobao.com,Female,52.58.201.93
886,Katherine,Fonteyne,kfonteyneol@uol.com.br,Female,49.134.97.60
887,Harlen,Kindred,hkindredom@storify.com,Male,2.205.85.201
888,Jennee,Dorre,jdorreon@youtube.com,Female,145.171.111.245
889,Vanna,Sandall,vsandalloo@gmpg.org,Female,155.208.16.170
890,Kathleen,Sabbin,ksabbinop@cnn.com,Female,173.205.38.232
891,Julita,MacConnechie,jmacconnechieoq@e-recht24.de,Female,221.54.226.17
892,Sinclair,Lynock,slynockor@ehow.com,Male,146.38.225.215
893,Layton,Frentz,lfrentzos@naver.com,Male,254.211.233.117
894,Nicki,Yeude,nyeudeot@wp.com,Female,47.224.139.80
895,Joellyn,Lambird,jlambirdou@ca.gov,Female,151.84.147.203
896,Cesya,Paulot,cpaulotov@nationalgeographic.com,Female,122.102.99.209
897,Linzy,Henrichsen,lhenrichsenow@youku.com,Female,207.121.68.134
898,Erny,Habergham,ehaberghamox@phoca.cz,Male,60.66.191.81
899,Tymon,Littledike,tlittledikeoy@trellian.com,Male,28.105.157.118
900,Edik,Cuthbert,ecuthbertoz@simplemachines.org,Male,84.212.105.235
901,Orbadiah,Trace,otracep0@linkedin.com,Male,83.141.212.188
902,Latisha,Wessell,lwessellp1@freewebs.com,Female,51.176.9.246
903,Eal,Sowrey,esowreyp2@desdev.cn,Male,156.37.99.190
904,Farleigh,Lawee,flaweep3@answers.com,Male,88.218.24.64
905,Susanetta,Kimmel,skimmelp4@ft.com,Female,107.225.193.186
906,Lyndsie,Landreth,llandrethp5@comcast.net,Female,196.219.39.216
907,Oby,Jaffray,ojaffrayp6@cnet.com,Male,44.103.94.110
908,Catharine,Walstow,cwalstowp7@smh.com.au,Female,39.39.161.83
909,Darrel,Farahar,dfaraharp8@sphinn.com,Male,160.89.137.53
910,Hilarius,Carl,hcarlp9@pbs.org,Male,125.15.30.91
911,Barby,Tarquinio,btarquiniopa@last.fm,Female,53.204.74.6
912,Robinette,Fontes,rfontespb@sphinn.com,Female,54.50.47.153
913,Abey,Siddaley,asiddaleypc@netvibes.com,Male,92.47.53.115
914,Carmina,Tooting,ctootingpd@sfgate.com,Female,195.72.187.135
915,Valle,Pittway,vpittwaype@hc360.com,Male,20.80.46.82
916,Falkner,Payley,fpayleypf@friendfeed.com,Male,206.49.245.105
917,Devonna,Eggers,deggerspg@who.int,Female,55.61.33.47
918,Creigh,Derkes,cderkesph@vimeo.com,Male,176.176.211.84
919,Aylmer,Jacobowits,ajacobowitspi@dion.ne.jp,Male,211.216.137.228
920,Othella,Tuppeny,otuppenypj@google.it,Female,173.13.41.252
921,Hendrik,Wanderschek,hwanderschekpk@wikia.com,Male,113.253.218.42
922,Ianthe,Hammersley,ihammersleypl@usnews.com,Female,239.28.137.34
923,Judd,Francescozzi,jfrancescozzipm@comsenz.com,Male,94.102.55.34
924,Glennie,Burland,gburlandpn@springer.com,Female,245.14.2.23
925,Roderigo,Bosher,rbosherpo@ehow.com,Male,221.182.173.87
926,Carmelita,Glyde,cglydepp@arstechnica.com,Female,99.234.68.17
927,Jeremias,Dekeyser,jdekeyserpq@fda.gov,Male,162.193.94.28
928,Lanny,Celes,lcelespr@ameblo.jp,Male,59.51.160.39
929,Ferguson,Sim,fsimps@wikimedia.org,Male,119.99.133.166
930,Betty,Atton,battonpt@dot.gov,Female,11.226.66.142
931,Hill,Hinkins,hhinkinspu@reverbnation.com,Male,147.214.74.184
932,Hedwiga,Trillo,htrillopv@moonfruit.com,Female,15.10.73.1
933,Vicky,Scogings,vscogingspw@reuters.com,Female,113.32.57.56
934,Gianni,Bofield,gbofieldpx@furl.net,Male,14.244.209.102
935,Lev,Aimson,laimsonpy@com.com,Male,130.92.164.63
936,Ruthann,Duny,rdunypz@ucsd.edu,Female,239.104.147.3
937,Clementia,Marcoolyn,cmarcoolynq0@digg.com,Female,120.77.149.17
938,Zak,MacAne,zmacaneq1@time.com,Male,137.102.24.138
939,Oralie,Welds,oweldsq2@stumbleupon.com,Female,67.228.238.32
940,Lenore,Stych,lstychq3@cnbc.com,Female,87.139.16.79
941,Stormy,Demoge,sdemogeq4@vistaprint.com,Female,99.101.247.72
942,Rourke,Jickles,rjicklesq5@google.com.br,Male,48.167.56.195
943,Cordula,Idel,cidelq6@soup.io,Female,130.40.236.116
944,Phaedra,Stallworthy,pstallworthyq7@yellowpages.com,Female,216.153.51.132
945,Cammie,Bartlam,cbartlamq8@nhs.uk,Female,243.233.23.210
946,Dewain,Benneton,dbennetonq9@printfriendly.com,Male,56.219.175.109
947,Maxwell,Brown,mbrownqa@youtube.com,Male,101.143.130.204
948,Pamela,Boldt,pboldtqb@cdc.gov,Female,32.232.55.213
949,Wright,Clague,wclagueqc@photobucket.com,Male,37.55.68.184
950,Karlotte,Gentreau,kgentreauqd@github.com,Female,25.246.86.63
951,Caldwell,Hatrey,chatreyqe@youtu.be,Male,251.244.133.211
952,Isidora,Thewlis,ithewlisqf@exblog.jp,Female,213.90.63.34
953,Titos,Heinle,theinleqg@google.com.au,Male,211.244.251.141
954,Lucretia,Kinney,lkinneyqh@google.ca,Female,151.161.154.131
955,Byram,Maddicks,bmaddicksqi@ovh.net,Male,192.96.232.191
956,Sky,Folomin,sfolominqj@google.de,Male,113.203.11.217
957,Tobe,Zorn,tzornqk@comcast.net,Male,64.209.33.27
958,Lemmie,Du Fray,ldufrayql@gnu.org,Male,153.9.50.37
959,Isidoro,Piscotti,ipiscottiqm@amazon.de,Male,5.173.39.129
960,Stuart,Carle,scarleqn@indiegogo.com,Male,23.59.3.9
961,Olive,Diloway,odilowayqo@friendfeed.com,Female,164.152.4.184
962,Magdalene,Veque,mvequeqp@moonfruit.com,Female,50.82.200.101
963,Earl,Postle,epostleqq@privacy.gov.au,Male,65.134.48.88
964,Adriaens,Shatliffe,ashatliffeqr@narod.ru,Female,207.154.153.119
965,Jerrilyn,Dowdle,jdowdleqs@shinystat.com,Female,185.5.31.174
966,Marty,Bridgens,mbridgensqt@slate.com,Male,202.153.230.0
967,Quinn,Conniam,qconniamqu@zdnet.com,Male,165.59.82.158
968,Rafaello,Brownlee,rbrownleeqv@yellowbook.com,Male,80.72.40.37
969,Cart,Girdlestone,cgirdlestoneqw@diigo.com,Male,60.77.252.225
970,Wayland,Penner,wpennerqx@blogspot.com,Male,206.146.224.103
971,Padraig,Geke,pgekeqy@auda.org.au,Male,24.0.117.1
972,Giovanna,Doley,gdoleyqz@marriott.com,Female,114.75.172.184
973,Tess,Dahlman,tdahlmanr0@tamu.edu,Female,144.124.115.177
974,Bernete,Laurentin,blaurentinr1@bbc.co.uk,Female,12.48.11.84
975,Robb,Balnave,rbalnaver2@boston.com,Male,202.159.83.128
976,Toddy,Stanlick,tstanlickr3@rediff.com,Male,5.98.140.51
977,Daron,Norcop,dnorcopr4@clickbank.net,Male,193.161.4.143
978,Loleta,Allaway,lallawayr5@geocities.jp,Female,21.171.115.171
979,Edmon,Howatt,ehowattr6@t.co,Male,142.201.172.51
980,Moise,Searsby,msearsbyr7@chicagotribune.com,Male,39.24.239.5
981,Bradley,Flatley,bflatleyr8@pinterest.com,Male,92.59.195.197
982,Lorette,Askem,laskemr9@berkeley.edu,Female,84.158.241.232
983,Tully,Pluvier,tpluvierra@aboutads.info,Male,30.187.5.254
984,Sky,Wallach,swallachrb@meetup.com,Male,171.26.25.206
985,Tommie,Cargill,tcargillrc@cafepress.com,Male,59.88.106.5
986,Melvin,Foddy,mfoddyrd@wikispaces.com,Male,167.117.198.33
987,Franz,Wapplington,fwapplingtonre@mozilla.com,Male,162.198.74.172
988,Dallas,Kadar,dkadarrf@yale.edu,Male,113.194.248.208
989,Orv,Lansley,olansleyrg@blogspot.com,Male,209.182.72.57
990,Guntar,Lednor,glednorrh@uol.com.br,Male,35.142.72.130
991,Dennie,Bus,dbusri@scientificamerican.com,Female,63.72.26.55
992,Arliene,Rollingson,arollingsonrj@shop-pro.jp,Female,237.113.21.161
993,Lexy,Tschersich,ltschersichrk@java.com,Female,78.9.37.234
994,Wait,Woolveridge,wwoolveridgerl@salon.com,Male,106.229.208.157
995,Ray,Honywill,rhonywillrm@house.gov,Male,208.188.133.211
996,Moll,Duckett,mduckettrn@4shared.com,Female,4.68.238.0
997,Arte,Dable,adablero@dropbox.com,Male,212.135.201.239
998,Valentine,Campsall,vcampsallrp@squarespace.com,Female,50.183.113.130
999,Gilberto,Alker,galkerrq@ted.com,Male,70.67.224.249
1000,Michelle,Duell,mduellrr@hao123.com,Female,15.134.255.143
